id,name,name_kana,created_at,updated_at
1,加藤志菜,かとうここな,,
2,神田葵衣,かんだあおい,,
3,柳田深結,やなぎだみゆ,,
4,竹口煌大,たけぐちこうた,,
5,井戸茉穂,いどまほ,,
6,稲生歩未,いのうあゆみ,,
7,池田笑,いけだにこる,,
8,中村実乃理,なかむらみのり,,
9,菅原心,すがわらしん,,
10,上野花音,うえのかのん,,
11,三明美貴,みあけみき,,
12,佐藤大心,さとうたいし,,
13,安藤ひまわり,あんどうひまわり,,
14,木山彩羽,きやまいろは,,
15,田村洸稀,たむらこうき,,
16,井戸遥花,いどはるか,,
17,菅原芙南,すがわらはな,,
18,小川柚奈,おがわゆな,,
19,中村康佑,なかむらこうすけ,,
20,髙橋美知,たかはしみち,,
21,梶山侑花,かじやまゆうか,,
22,長倉愛莉,ながくらあいり,,
23,加藤愛琉,かとうあいる,,
24,末永光基,すえながこうき,,
25,百瀬千愛,ももせちあ,,
26,上野蓮斗,うえのれんと,,
27,堀内柊斗,ほりうちしゅうと,,
28,佐藤快音,さとうかいと,,
29,徳田実栞,とくだみおり,,
30,鷲津梨乃,わしづりの,,
31,チャンプキン春英,ちゃんぷきんはるえ,,
32,井上陽太,いのうえひなた,,
33,菅原颯介,すがわらそうすけ,,
34,冨田創一朗,とみたそういちろう,,
35,中村将大,なかむらしょうた,,
36,加藤優実,かとうまさみ,,
37,木山蒼斗,きやまあおと,,
38,吉門龍河,よしかどりゅうが,,
39,チャンプキン花英,ちゃんぷきんはなえ,,
40,田村祐樹,たむらゆうき,,
41,百瀬美結,ももせみゆ,,
42,小林夏凛,こばやしかりん,,
43,徳田光来,とくだみつき,,
44,岡田妃遥,おかだひめか,,
45,稲生乃衣,いのうのい,,
46,冨田ちひろ,とみたちひろ,,
47,菅川智也,すげかわともや,,
48,早川凉矢,はやかわりょうや,,
49,阿知波由依,あちわゆい,,
50,冨田朱里,とみたあかり,,
51,小川莉奈,おがわりな,,
,柳田深結,,,
,竹口煌大,,,
,井戸茉穂,,,
,稲生歩未,,,
,池田笑,,,
,中村実乃理,,,
,菅原心,,,
,上野花音,,,
,三明美貴,,,
,佐藤大心,,,
,安藤ひまわり,,,
,田村洸稀,,,
,井戸遥花,,,
,菅原芙南,,,
,小川柚奈,,,
,中村康佑,,,
,髙橋美知,,,
,梶山侑花,,,
,長倉愛莉,,,
,加藤愛琉,,,
,末永光基,,,
,百瀬千愛,,,
,上野蓮斗,,,
,堀内柊斗,,,
,佐藤快音,,,
,徳田実栞,,,
,鷲津梨乃,,,
,チャンプキン春英,,,
,井上陽太,,,
,菅原颯介,,,
,冨田創一朗,,,
,中村将大,,,
,加藤優実,,,
,吉門龍河,,,
,チャンプキン花英,,,
,田村祐樹,,,
,百瀬美結,,,
,小林夏凛,,,
,,,,
,,,,
,,,,
,,,,
,,,,
,,,,
,,,,
,,,,
,,,,
,,,,
,,,,
,,,,
,,,,
,,,,
,,,,
,,,,
,,,,
,,,,
,,,,
,,,,
,,,,
,,,,
,,,,
,,,,
,,,,
,,,,
,,,,
,,,,
,,,,
,,,,
,,,,
,,,,
,,,,
,,,,
,,,,
,,,,
,,,,
,,,,
,,,,
,,,,
,,,,
,,,,
,,,,
,,,,
,,,,
,,,,
,,,,
,,,,
,,,,
,,,,
,,,,
,,,,
,,,,
,,,,
,,,,
,,,,
,,,,
,,,,
,,,,
,,,,
,,,,
,,,,
,,,,
,,,,
,,,,
,,,,
,,,,
,,,,
,,,,
,,,,
,,,,
,,,,
,,,,
,,,,
,,,,
,,,,
,,,,
,,,,
,,,,
,,,,
,,,,
,,,,
,,,,
,,,,
,,,,
,,,,
,,,,
,,,,
,,,,
,,,,
,,,,
,,,,
,,,,
,,,,
,,,,
,,,,
,,,,
,,,,
,,,,
,,,,
,,,,
,,,,
,,,,
,,,,
,,,,
,,,,
,,,,
,,,,
,,,,
,,,,
,,,,
,,,,
,,,,
,,,,
,,,,
,,,,
,,,,
,,,,
,,,,
,,,,
,,,,
,,,,
,,,,
,,,,
,,,,
,,,,
,,,,
,,,,
,,,,
,,,,
,,,,
,,,,